number,value
2,-3920.79994071
3,-3931.05079176
4,-3962.47132593
5,-3938.21202832
6,-3927.19896476
