number,value
2,-3888.70640096
3,-3866.86371226
4,-3857.02112391
5,-3782.32912098
6,-3711.71376932
